[{"sidebar1":["search-2","recent-posts-2","recent-comments-2","archives-2","categories-2","meta-2"],"sidebar":["social_count-widget-2","account-widget-2","ads-widget-2","calendar-2","title-widget-3","twitter-widget-2","facebook-like-box-widget-2","featured_post-widget-2","title-widget-5","posts-widget-3","posts-widget-4"],"small_sidebar":["ads-widget-3","title-widget-4","posts-widget-2","ads-widget-4"]},{"":{"ction":null,"_multiwidget":null,"wpnonce":null,"wp_http_referer":null},"search":{"2":{"title":""},"_multiwidget":1},"recent-posts":{"2":{"title":"","number":5},"_multiwidget":1},"recent-comments":{"2":{"title":"","number":5},"_multiwidget":1},"archives":{"2":{"title":"","count":0,"dropdown":0},"_multiwidget":1},"categories":{"2":{"title":"","count":0,"hierarchical":0,"dropdown":0},"_multiwidget":1},"meta":{"2":{"title":""},"_multiwidget":1},"social_count-widget":{"2":{"twitter":"code_125","consumerkey":"u2PLDfE3KsbqBGhqMbEZw","consumersecret":"zr5dENIyu87fUDDfsJrHj8PKgavJXffsGIaGDbVns","accesstoken":"439179519-5hR7VDEYsXWOILi3tu8GWYcjYEbYfwrCCCaGt2Wl","accesstokensecret":"WSrTsaptnXHwF3wd1qvDpSU1OHDxxQdSGipI9pMX20","facebook":"code125","google_plus":"Code125","youtube":"Code125Channel","comments":"on","posts":"on"},"_multiwidget":1},"account-widget":{"2":{"username_text":"Username","password_text":"******","login_text":"Login in","register_text":"Register","forget_text":"Forget Password ?","remember_text":"Remember me ?","checkbox":"on","forget":"on","register":"on"},"_multiwidget":1},"ads-widget":{"2":{"size":"ads_300x250","mobile":"on","tablet":"on","desktop":"on","content":"&lt;a href=&quot;http:\/\/themeforest.net\/user\/Code125\/portfolio?ref=code125&quot;&gt;&lt;img src=&quot;http:\/\/d.pr\/i\/xXOl+&quot; \/&gt;&lt;\/a&gt;"},"3":{"size":"ads_160x600","mobile":"on","tablet":"on","desktop":"on","content":"&lt;a href=&quot;http:\/\/themeforest.net\/user\/Code125\/portfolio?ref=code125&quot;&gt;&lt;img src=&quot;http:\/\/d.pr\/i\/3KKU+&quot; \/&gt;&lt;\/a&gt;"},"4":{"size":"ads_125x125","mobile":"on","tablet":"on","desktop":"on","content":"&lt;a href=&quot;http:\/\/themeforest.net\/user\/Code125\/portfolio?ref=code125&quot; target=&quot;_blank&quot;&gt;&lt;img src=&quot;http:\/\/d.pr\/i\/rCkA+&quot; \/&gt;&lt;\/a&gt;"},"_multiwidget":1},"calendar":{"2":{"title":""},"_multiwidget":1},"title-widget":{"3":{"apperance":"title-style-1","title":"Latest Tweets","font_size":"20","font_weight":"300","transform":"normal","class":"","icon":"fa fa-twitter","link":"","id":""},"5":{"apperance":"title-style-1","title":"News in Photo","font_size":"20","font_weight":"300","transform":"normal","class":"","icon":"fa fa-picture-o","link":"","id":""},"4":{"apperance":"title-style-1","title":"Most Viewed","font_size":"20","font_weight":"300","transform":"normal","class":"","icon":"fa fa-eye","link":"","id":""},"_multiwidget":1},"twitter-widget":{"2":{"username":"code_125","count":"5","consumerkey":"u2PLDfE3KsbqBGhqMbEZw","consumersecret":"zr5dENIyu87fUDDfsJrHj8PKgavJXffsGIaGDbVns","accesstoken":"439179519-5hR7VDEYsXWOILi3tu8GWYcjYEbYfwrCCCaGt2Wl","accesstokensecret":"WSrTsaptnXHwF3wd1qvDpSU1OHDxxQdSGipI9pMX20"},"_multiwidget":1},"facebook-like-box-widget":{"2":{"id":"1387356984830477","username":"code125","width":"300","color":"light"},"_multiwidget":1},"featured_post-widget":{"2":{"featured_post":"Featured Article","icon":"fa fa-bullhorn","post_id":"4795"},"_multiwidget":1},"posts-widget":{"3":{"render_type":"photos","height":"400","follow":"off","posts_per_page":"13","post_type":"post","tag":"","author":"","orderby":"date","order":"DESC","posts":"","paging":"off","show_title":"off","show_excerpt":"on","show_hover":"link","show_cat":"on","show_date":"off","show_author":"off","show_comment":"off","show_likes":"on","show_views":"off","show_social":"on","show_rating":"off"},"4":{"render_type":"thumb","height":"400","follow":"off","posts_per_page":"3","post_type":"post#category#6","tag":"","author":"","orderby":"date","order":"DESC","posts":"","paging":"off","show_title":"on","show_excerpt":"on","show_hover":"view","show_cat":"on","show_date":"off","show_author":"off","show_comment":"off","show_likes":"on","show_views":"off","show_social":"on","show_rating":"on"},"2":{"render_type":"flip","height":"400","follow":"off","posts_per_page":"5","post_type":"post","tag":"","author":"","orderby":"post_views_count","order":"DESC","posts":"","paging":"off","show_title":"off","show_excerpt":"on","show_hover":"link","show_cat":"on","show_date":"off","show_author":"off","show_comment":"off","show_likes":"on","show_views":"off","show_social":"on","show_rating":"off"},"_multiwidget":1}}]